resource,keywords,description,contact,source_url
Org Help,student organization policy contracts travel advising conflict officer transition recruitment fundraising organization support,"Primary advising resource for student organization policy, contracts, domestic travel, recruitment, officer transition, and general support.",orghelp@gwu.edu,https://students.gwu.edu/org-advising-support
Org Help Finance,purchase reimbursement finance revenue payment budget account transaction,"Supports purchases, reimbursements, revenue, financial transactions, and organization account questions.",Use the current Org Finance contact on the official support page.,https://students.gwu.edu/org-advising-support
GW SGA Finance,general allocation co-sponsorship cosponsorship funding sga bylaws finance committee,Reviews SGA general allocations and co-sponsorships and provides guidance on SGA funding rules.,sgafinance@gwu.edu,https://sga.gwu.edu/finance-committee
Center for Career Services,career jobs internship resume interview networking professional development leadership,"Provides career coaching, resume and cover-letter reviews, interview preparation, networking support, employment resources, and career events.",Use the official page for appointments and school-specific career centers.,https://careerservices.gwu.edu/students
Honey W. Nashman Center,volunteer service civic engagement community nonprofit social impact,"Connects students with service, civic engagement, community partnerships, social innovation, and public-service opportunities.",See the official Nashman Center page.,https://serve.gwu.edu/
Multicultural Student Services Center,culture identity belonging diversity faith religious interfaith lgbtq community,"Offers cultural programming, identity and belonging support, advocacy, training, and religious/interfaith resources.",mssc@gwu.edu,https://mssc.gwu.edu/
Disability Support Services,disability accommodation accessibility accessible event equal access,Works with students to determine disability-related accommodations and support equal access.,See the official DSS registration and contact pages.,https://disabilitysupport.gwu.edu/
Counseling and Psychological Services,mental health counseling wellbeing stress crisis emotional support,"Provides confidential counseling, consultations, group support, and mental-health resources.",Use the Student Health Portal or official CAPS page.,https://healthcenter.gwu.edu/counseling-and-psychological-services
International Services Office,international student immigration visa f1 j1 global adjustment,"Provides immigration advising, programming, administrative support, and resources for international students and scholars.",See the official ISO page.,https://internationalservices.gwu.edu/
